pos,neu,neg,compound
0.12703016099449813,0.7079980843692677,0.16496421438760864,-0.261043223965762
0.1265951600405328,0.70766153066698,0.1657449186386113,-0.26908579603027816
0.12658847659012692,0.7055116224244421,0.1679049931632795,-0.26412866707529875
0.12742152867246934,0.7027779822785489,0.1698015933531412,-0.2837691136644498
