pos,neu,neg,compound
0.08247898489305508,0.8362813980156557,0.08123946751757462,0.011485411577005557
0.0848523351891907,0.83070069860633,0.08444643427071884,0.005892425263307227
0.0845955634058911,0.8300941347602421,0.08530952257260126,0.0045253000155852045
0.08535118518518509,0.8309151481481476,0.08373488888888883,0.008412155555555644
